<?xml version='1.0' encoding='UTF-8'?>
<Order SellerOrganizationCode='8119' OrderDate='2013-11-14T14:51:00.123-05:00'
       EnterpriseCode='HDUS' DocumentType='0001'>
       <Instructions>
              <Instruction InstructionType='CustRef' InstructionText='ONLINE PICKUP' />
       </Instructions>
       <Extn ExtnUCMID='' ExtnIsMultiStoreOrder='N'
              ExtnHostOrderSystemIdentifier='W999431960Test' ExtnHostOrderReference='W999431960Test'
              ExtnDerivedTransactionType='ORDER_CREATE' ExtnHostSrcProcess='9'
              ExtnLegacyHostSrcProcess='' ExtnClientExternalSrcProcess=''
              ExtnClientExternalOrderReference='' ExtnCreateUserID='ONLINE'
              ExtnHostUserID='ONLINE' ExtnModifiedUserID='ONLINE'
              ExtnCustGoldenRecID='0202E94C314621CB4T' ExtnUCMType='C'>
              <HDWillCallList>
                     <HDWillCall CreateSrcProcess='9' ModifySrcProcess='9'
                           CreateSrcReference='-1' ModifySrcReference='-1' SKUCode='515664'
                           StatusCd='402' StatusDescription='Scheduled' CreateTimeStamp='2013-11-14T14:51:00.123-05:00'
                           StatusEffectiveTs='2013-11-14T14:51:00.123-05:00'
                           OrderCreateLocation='8119' WillCallLineNum='5001'
                           ScheduledPickUpTs='2013-11-14T14:51:00-05:00' WillCallType='C' Tax=''
                           SellingLocation='9716' ShipNode='9716' ContactName='test customer'
                           AltContactName=' '>
                           <HDWCLineStatusList>
                                  <HDWCLineStatus UserAuditID='SYSCOM'
                                         StatusEffectiveTs='2013-11-14T14:51:02-05:00' StoreNumber='9716'
                                         SVSTypeCode='W' StatusCode='100' StatusDescription='Quote' />
                                  <HDWCLineStatus UserAuditID='SYSCOM'
                                         StatusEffectiveTs='2013-11-14T14:51:02-05:00' StoreNumber='9716'
                                         SVSTypeCode='W' StatusCode='402' StatusDescription='Scheduled' />
                           </HDWCLineStatusList>
                     </HDWillCall>
              </HDWillCallList>
              <HDStorePaymentInfoList>
                     <HDStorePaymentInfo ExtnStore='9716'
                           ExtnPaymentType='VI' ExtnPaymentIdentifier='1010000405271111'
                           ExtnMaxStorePaymentLimit='20.11' />
              </HDStorePaymentInfoList>
       </Extn>
       <Awards />
       <OrderLines>
              <OrderLine ShipNode='9716' OrderedQty='1' LineType='SL'
                     IsFirmPredefinedNode='Y'>
                     <Extn ExtnTransactionType='ADD_LINE' ExtnSystemReferenceTS='2013-11-14T14:51:00-05:00'
                           ExtnSystemReference='WCS' ExtnSystemLocationReference='9716'
                           ExtnSellingLocation='9716' ExtnSKUCode='765596' ExtnReleaseType='P'
                           ExtnProductTypeCode='PRODUCT' ExtnPreferredPickupLocation='SD-001'
                           ExtnOrderCreateLocationType='VIRTUAL' ExtnOrderCreateLocation='8119'
                           ExtnOMSID='467405' ExtnInventoryTrackCode='TRACK' ExtnHostUserID='ONLINE'
                           ExtnHostOrderLineReference='1001' ExtnWillCallLineNum='5001'
                           ExtnCreateSrcProcess='9' ExtnModifySrcProcess='9'
                           ExtnCreateSrcReference='-1' ExtnModifySrcReference='-1'
                           ExtnHDUOMCode='80' ExtnHDUOMCodeDesc='EA'>
                           <HDEventList>
                                  <HDEvent Store='8119' EventTs='2013-11-14T14:51:02-05:00'
                                         EventTrkCode='CO' MerQty='1' EventUserAuditID='ONLINE' />
                           </HDEventList>
                     </Extn>
                     <Item UnitCost='18.97' ProductClass='GOOD' ItemShortDesc='3 in. Carbon Steel W'
                           ItemDesc='3 in. Carbon Steel W' />
                     <LinePriceInfo UnitPrice='18.97' TaxableFlag='Y' />
                     <LineCharges />
                     <LineTaxes>
                           <LineTax TaxName='Sales' Tax='1.14' />
                     </LineTaxes>
                     <OrderDates>
                           <OrderDate ExpectedDate='2013-11-14T14:51:00-05:00'
                                  DateTypeId='PICKUPDATE' />
                     </OrderDates>
                     <PersonInfoShipTo ZipCode='30189' State='GA'
                           MobilePhone='7705918663' LastName='WOODSTOCK' FirstName='WOODSTOCK'
                           DayPhone='7705918663' Country='US' City='WOODSTOCK' AddressLine1='9037 HWY 92, SUITE 100' />
              </OrderLine>
       </OrderLines>
       <PersonInfoBillTo ZipCode='30102' State='GA' LastName='customer'
              FirstName='test' EMailID='bharathwaj_pt@homedepot.com' DayPhone='4046410171'
              Country='US' City='ACWORTH' AddressLine3='' AddressLine2=''
              AddressLine1='test' />
       <PaymentMethods>
              <PaymentMethod SvcNo='1010000405271111' PaymentType='VI'
                     PaymentReference3='s' MaxChargeLimit='20.11' LastName='s' FirstName='s'
                     DisplaySvcNo='1111' DisplayCreditCardNo='1111' CreditCardType='VI'
                     CreditCardNo='1010000405271111' CreditCardName='VI'
                     CreditCardExpDate='03/2015' CustomerPONo='none' ChargeType='CHARGE' />
       </PaymentMethods>
</Order>
