<?xml version='1.0' encoding='UTF-8'?>
<Orders ExtnMsgGeneratedTS='2013-11-15T08:52:48-08:00'>
	<Order DocumentType='0001' EnterpriseCode='HDUS' OrderDate='2013-11-15T06:50:40-08:00'>
		<PaymentMethods>
			<PaymentMethod PaymentReference1='W999432599XYZ_6' PaymentType='MC'>
				<PaymentDetailsList>
					<PaymentDetails ChargeType='CHARGE' ProcessedAmount='' RequestAmount='' PaymentCreateTs='2013-11-15T12:07:17-05:00' EJDate='2013-11-15' EJRegister='05' EJSeqNo='5632' EJStore='9752'/>
				</PaymentDetailsList>
			</PaymentMethod>
		</PaymentMethods>
		<Extn ExtnDerivedTransactionType='ORDER_MODIFY' ExtnHostOrderReference='W999432599XYZ_6' ExtnHostOrderSystemIdentifier='W99943300AB'/>
		<OrderLines>
			<OrderLine Action='Manage' DeliveryMethod='PICK' IsFirmPredefinedNode='Y' OrderedQty='3' ShipNode='9716'>
				<Extn ExtnCancelReasonCode='' ExtnHostOrderLineReference='3333' ExtnInventoryTrackCode='TRACK' ExtnOMSID='473297' ExtnPreferredPickupLocation='SD-001' ExtnProductTypeCode='PRODUCT' ExtnReleaseType='P' ExtnSKUCode='610054' ExtnSellingLocation='9716' ExtnVendorStockNumber='GMR2875-2CK'/>
				<LinePriceInfo UnitPrice='99.99'/>
				<LineCharges/>
				<LineTaxes>
					<LineTax Tax='18.00' TaxName='Sales'>
						<Extn ExtnExtendedTaxPerLine='18.00' ExtnTaxPerLine='' ExtnTaxPerUnit=''/>
					</LineTax>
				</LineTaxes>
				<PersonInfoShipTo AddressLine1='9037 HWY 92, SUITE 100' AddressLine2='' AddressLine3='' AddressLine4='' AddressLine5='' City='WOODSTOCK' Company='' Country='USA' DayPhone='7705918663' EMailID='' FirstName='SATHESKUMAR' LastName='KULANDAISAMY' MobilePhone='' State='GA' ZipCode='30189'>
					<Extn/>
				</PersonInfoShipTo>
				<PersonInfoMarkFor AddressLine1='9037 HWY 92, SUITE 100' AddressLine2='' AddressLine3='' AddressLine4='' AddressLine5='' City='WOODSTOCK' Company='' Country='USA' DayPhone='1555555555' EMailID='satheskumar_kukandaisamy@homedepot.com' FirstName='Satheskumar' LastName='Kulandaisamy' MobilePhone='' State='GA' ZipCode='30189'>
					<Extn ExtnCustomerNotificationPreference='EMAIL'/>
				</PersonInfoMarkFor>
			</OrderLine>
		</OrderLines>
	</Order>
	<Order BuyerOrganizationCode='HDUS' DocumentType='0005' EnterpriseCode='HDUS' OrderDate='2013-11-15T09:56:00-05:00'>
		<Extn ExtnDerivedTransactionType='ORDER_MODIFY' ExtnHostOrderReference='W999432599XYZ_8' ExtnHostOrderSystemIdentifier='W999432599XYZ_8' ExtnPONumber='11134599'>
			<HDRelatedEJKeysList>
				<HDRelatedEJKeys EJDate='2013-11-15' EJRegister='05' EJSeqNo='5632' EJStore='9716'/>
			</HDRelatedEJKeysList>
		</Extn>
		<OrderLines>
			<OrderLine LineStatus='Shipped' OrderedQty='3' ReceivingNode='9716'>
				<Extn ExtnHostOrderLineReference='3333' ExtnPOLineReference='3333' ExtnSKUCode='610054' ExtnVendorStockNumber='GMR2875-2CK'/>
				<Item ProductClass='GOOD'/>
			</OrderLine>
		</OrderLines>
	</Order>
</Orders>


Service Name :- OPD
