<Order SellerOrganizationCode='9716' OrderDate='2013-11-15T09:56:00.275-05:00' EnterpriseCode='HDUS' DocumentType='0001'>
	<Instructions>
		<Instruction InstructionType='CustRef' InstructionText='ONLINE PICKUP'/>
	</Instructions>
	<Extn ExtnUCMID='' ExtnIsMultiStoreOrder='N' ExtnHostOrderSystemIdentifier='W999432599XYZ_8' ExtnHostOrderReference='W999432599XYZ_8' ExtnDerivedTransactionType='ORDER_CREATE' ExtnHostSrcProcess='9' ExtnLegacyHostSrcProcess='' ExtnClientExternalSrcProcess='' ExtnClientExternalOrderReference='' ExtnCreateUserID='ONLINE' ExtnHostUserID='ONLINE' ExtnModifiedUserID='ONLINE' ExtnCustGoldenRecID='021D11B768A5B7F56T' ExtnUCMType='C'>
		<HDWillCallList>
			<HDWillCall CreateSrcProcess='9' ModifySrcProcess='9' CreateSrcReference='-1' ModifySrcReference='-1' SKUCode='515664' StatusCd='200' StatusDescription='Awaiting special order' CreateTimeStamp='2013-11-15T09:56:00.275-05:00' StatusEffectiveTs='2013-11-15T09:56:00.275-05:00' OrderCreateLocation='9067' WillCallLineNum='5001' WillCallType='C' Tax='' SellingLocation='9716' ShipNode='9716' ContactName='Satheskumar Kulandaisamy' AltContactName=' '>
				<HDWCLineStatusList>
					<HDWCLineStatus UserAuditID='SYSCOM' StatusEffectiveTs='2013-11-15T09:56:24-05:00' StoreNumber='9716' SVSTypeCode='W' StatusCode='100' StatusDescription='Quote'/>
					<HDWCLineStatus UserAuditID='SYSCOM' StatusEffectiveTs='2013-11-15T09:56:24-05:00' StoreNumber='9716' SVSTypeCode='W' StatusCode='200' StatusDescription='Awaiting special order'/>
				</HDWCLineStatusList>
			</HDWillCall>
		</HDWillCallList>
		<HDStorePaymentInfoList/>
	</Extn>
	<Awards/>
	<OrderLines>
		<OrderLine ShipNode='9716' OrderedQty='3' LineType='SO' IsFirmPredefinedNode='Y'>
			<Extn ExtnTransactionType='ADD_LINE' ExtnSystemReferenceTS='2013-11-15T09:56:00-05:00' ExtnSystemReference='WCS' ExtnSystemLocationReference='9716' ExtnSellingLocation='9716' ExtnSKUCode='610054' ExtnReleaseType='P' ExtnProductTypeCode='PRODUCT' ExtnPreferredPickupLocation='SD-001' ExtnOrderCreateLocationType='VIRTUAL' ExtnOrderCreateLocation='9067' ExtnOMSID='473297' ExtnInventoryTrackCode='TRACK' ExtnHostUserID='ONLINE' ExtnHostOrderLineReference='3333' ExtnWillCallLineNum='5001' ExtnCreateSrcProcess='9' ExtnModifySrcProcess='9' ExtnCreateSrcReference='-1' ExtnModifySrcReference='-1' ExtnHDUOMCode='80' ExtnHDUOMCodeDesc='EA'>
				<HDEventList>
					<HDEvent Store='9716' EventTs='2013-11-15T09:56:24-05:00' EventTrkCode='CO' MerQty='3' EventUserAuditID='ONLINE'/>
				</HDEventList>
			</Extn>
			<Item UnitCost='99.99' ProductClass='GOOD' ItemShortDesc='28-Mile, 22-Channel' ItemDesc='28-Mile, 22-Channel'/>
			<LinePriceInfo UnitPrice='99.99' TaxableFlag='Y'/>
			<LineCharges/>
			<LineTaxes>
				<LineTax TaxName='Sales' Tax='18.00'/>
			</LineTaxes>
			<OrderDates>
				<OrderDate ExpectedDate='2013-11-15T09:56:00-05:00' DateTypeId='PICKUPDATE'/>
			</OrderDates>
			<PersonInfoShipTo ZipCode='30189' State='GA' MobilePhone='7705918663' LastName='WOODSTOCK' FirstName='WOODSTOCK' DayPhone='7705918663' Country='US' City='WOODSTOCK' AddressLine1='9037 HWY 92, SUITE 100'/>
		</OrderLine>
		 
	</OrderLines>
	<PersonInfoBillTo ZipCode='30189' State='GA' LastName='Kulandaisamy' FirstName='Satheskumar' EMailID='satheskumar_kukandaisamy@homedepot.com' DayPhone='1555555555' Country='US' City='WOODSTOCK' AddressLine3='' AddressLine2='omr' AddressLine1='ptc'/>
	<PaymentMethods/>
</Order>



Service Name (For BOSS AND BOPIS)

HDProcessTransaction 

For ESVS Services (Enhanced services like install, willcall, measure and delivery)
Services Name :- HDProcessSVSTransactionSync (XML is differenct)