<?xml version="1.0" encoding="UTF-8" standalone="yes"?>

<Shipments ShipNode="9716">
    <Extn ExtnMessageGeneratedTime="1600193275659" ExtnHostOrderReference="W999433002BBB_6" ExtnDerivedTransactionType="ORDER_MODIFY"/>
    <Shipment DocumentType="0001" EnterpriseCode="HDUS" OrderNo="Y100479020" 
    RequestedShipmentDate="2014-10-09T22:26:00.000-05:00" ShipNode="9716" ShipmentNo="107063677">
        <ShipmentLines TotalNumberOfRecords="1">
            <ShipmentLine ShipmentLineNo="1">
                <Extn ExtnFIQuantity="3.000000" ExtnPickLocation="9716" ExtnPickedQuantity="3"/>
                <Order>
                    <Extn ExtnHostOrderReference="W999433002BBB_6"/>
                </Order>
            </ShipmentLine>
        </ShipmentLines>
    </Shipment>
</Shipments>

Service Name :- HDPickConfirmation