<Order BuyerOrganizationCode='HDUS' DocumentType='0005' EnterpriseCode='HDUS' OrderDate='2013-11-15' VendorId='DEFAULT_VENDOR'>
	<Extn ExtnHostOrderReference='W999432599XYZ_8' ExtnHostOrderSystemIdentifier='W999432599XYZ_8' ExtnMVendorNo='60080948' ExtnPONumber='11134599'/>
	<OrderLines>
		<OrderLine OrderedQty='3' ReceivingNode='9716'>
			<Instructions>
				<Instruction InstructionType='SOItemDesc' InstructionText='28-Mile Submersible GMRS/FRS Two-Way Radio with Charging Cradle'/>
			</Instructions>
			<Extn ExtnHostOrderLineReference='3333' ExtnPOLineReference='3333' ExtnSKUCode='610054' ExtnVendorStockNumber='GMR2875-2CK'/>
			<Item ItemDesc='28-Mile, 22-Channel' ProductClass='GOOD' UnitCost='65'/>
		</OrderLine>
	</OrderLines>
	<PersonInfoShipTo AddressLine1='C/O THD Ship to Store #9716' AddressLine2='9037 HWY 92, SUITE 100' AddressLine3='' 
	City='WOODSTOCK' Country='US' DayPhone='7705918663' State='GA' ZipCode='30189'/>
</Order>


HDCreatePurchaseOrder