<Orders> 
        <Extn ExtnLockID="696181"/> 
        <Shipment EnterpriseCode="HDUS" SellerOrganizationCode="9716" ShipNode="9716"> 
                <Extn ExtnHostOrderReference="W999433002BBB_6" ExtnDerivedTransactionType="RELEASE" ExtnHostOrderSystemIdentifier="0"/> 

                <ShipmentLines> 
                        <ShipmentLine Quantity="3.0"> 
                                <Extn ExtnHostOrderLineReference="1001" ExtnTransactionType="RELEASE" ExtnSKUCode="610054" ExtnSVSRemEntriesReqd="N"/>

                        </ShipmentLine> 
                </ShipmentLines> 
        </Shipment> 
</Orders>
